num_ng,factors,lr,batch_size,reg_1,reg_2,ndcg
1,9,0.0005,1024,0.001,0.0058000000000000005, 0.009221075358398997
